{
    "_default": {
        "1": {
            "nome": "Test1234",
            "x": 1.8,
            "y": 1.12,
            "z": 3.12,
            "r": 4.9
        },
        "2": {
            "nome": "Poiscao1",
            "x": 213.0,
            "y": 312.0,
            "z": 1.0,
            "r": 22312.0
        },
        "3": {
            "nome": "PosicaoLegal",
            "x": 123.0,
            "y": 213.0,
            "z": 23.0,
            "r": 12.0
        },
        "4": {
            "nome": "Ro",
            "x": 123.0,
            "y": 2.0,
            "z": 31.0,
            "r": 12.0
        },
        "5": {
            "nome": "Oii",
            "x": 321.0,
            "y": 123.0,
            "z": 231.0,
            "r": 121.0
        },
        "6": {
            "nome": "PosicaoTeste6",
            "x": 243.73814392089844,
            "y": -46.37319564819336,
            "z": 65.77806091308594,
            "r": -10.772247314453125
        },
        "7": {
            "nome": "PosicaoDiferete23",
            "x": 265.2362365722656,
            "y": -39.80194091796875,
            "z": 24.834611892700195,
            "r": -0.7929849624633789
        }
    }
}